
homelink (Alias : homelink)
workaway (Alias : workaway)
echangedemaison (Alias : echangedemaison)
Fnaim (Alias : fnaim)
ivhe (Alias : ivhe)
Troc Maison (Alias : trocmaison)
intervac (Alias : intervac)
GuestToGuest (Alias : guesttoguest)
Nexity (Alias : nexity)
Oralia (Alias : oralia)
Century21 (Alias : century21)
LaForêt (Alias : laforêt)
Guy Hoquet (Alias : guy-hoquet)
Foncia (Alias : foncia)
Orpi (Alias : orpi)
scpi-invest
grandbleu