aircaraibes (Alias : aircaraibes)	
Saudia airline (Alias : saudia-airline)
Korean Air (Alias : korean-air)
JETOPS (Alias : jetops)
Heli Dubai (Alias : heli-dubai)
flydubai (Alias : flydubai)
Qatar Airways (Alias : qatar-airways)
Gama Aviation (Alias : gama-aviation)
South Airlines (Alias : south-airlines)
Atlantis European Airways (Alias : atlantis-european-airways)
Welcome Air (Alias : welcome-air)
Tyrolean Jet Services (Alias : tyrolean-jet-services)
City Airways (Alias : city-airways)
Ocean Pacific Air (Alias : ocean-pacific-air)
Singapore Airlines (Alias : singapore-airlines)
yemenia (Alias : yemenia)
Felix airways (Alias : felix-airways)
Jetstar Pacific Airlines (Alias : jetstar-pacific-airlines)
VASCO (Alias : vasco)
VietJet Air (Alias : vietjet-air)
Vietnam Airlines (Alias : vietnam-airlines)
Lufthansa (Alias : lufthansa)
Emirates (Alias : emirates)
Eastern SkyJets (Alias : eastern-skyjets)
Abu Dhabi Aviation (Alias : abu-dhabi-aviation)
Aerogulf Services (Alias : aerogulf-services)
Aerovista (Alias : aerovista)
Lacompagnie (Alias : lacompagnie)
Air Arabia (Alias : air-arabia)
Royal Jet (Alias : royal-jet)
Etihad (Alias : etihad)
Al Jaber Aviation (Alias : al-jaber-aviation)	
Dolphin Air (Alias : dolphin-air)
XL Airways (Alias : xl-airways)
Air France (Alias : air-france)
AirAsia (Alias : airasia)
Dana Executive Jets (Alias : dana-executive-jets)
Dubai Royal Air Wing (Alias : dubai-royal-air-wing)
Cathay Pacific (Alias : cathay-pacific)
Empire Aviation Group (Alias : empire-aviation-group)
Execujet Middle East (Alias : execujet-middle-east)
Falcon Aviation Services (Alias : falcon-aviation-services)
Nok Air (Alias : nok-air)
Bangkok Airways (Alias : bangkok-airways)
Global Jet (Alias : global-jet)
Rotana Jet (Alias : rotana-jet)